{
  "format_version": "1.21.70",
  "minecraft:lighting_settings": {
    "description": {
      "identifier": "minecraft_pbr:jungle_edge_mutated_lighting"
    },
    "directional_lights": {
      "sun": {
        "illuminance": {
          "0.0": 420,
          "0.2": 384,
          "0.2429": 256,
          "0.25": 169,
          "0.2895": 94,
          "0.3": 32,
          "0.333": 32,
          "0.5": 32,
          "0.667": 32,
          "0.7": 32,
          "0.7104": 94,
          "0.75": 169,
          "0.7570": 256,
          "0.88": 384,
          "0.99": 420
        },
        "color": {
          "0.0": [
            83,
            84,
            66
          ],
          "0.1": [
            86,
            80,
            62
          ],
          "0.2": [
            94,
            78,
            60
          ],
          "0.3": [
            104,
            72,
            53
          ],
          "0.4": [
            86,
            56,
            44
          ],
          "0.5": [
            68,
            40,
            31
          ],
          "0.6": [
            86,
            56,
            44
          ],
          "0.7": [
            104,
            72,
            53
          ],
          "0.8": [
            112,
            84,
            66
          ],
          "0.9": [
            94,
            88,
            75
          ],
          "1.0": [
            86,
            92,
            79
          ]
        }
      },
      "moon": {
        "illuminance": {
          "0.0": 0.269,
          "0.167": 0.279,
          "0.2": 0.399,
          "0.210417": 0.489,
          "0.25": 0.599,
          "0.257083": 0.699,
          "0.742917": 0.699,
          "0.75": 0.599,
          "0.789583": 0.489,
          "0.8": 0.399,
          "0.833": 0.279,
          "0.99": 0.269
        },
        "color": {
          "0.0": [
            0,
            0,
            0
          ],
          "0.1": [
            156,
            184,
            244
          ],
          "0.2": [
            156,
            184,
            244
          ],
          "0.3": [
            156,
            184,
            244
          ],
          "0.4": [
            156,
            184,
            244
          ],
          "0.5": [
            156,
            184,
            244
          ],
          "0.6": [
            156,
            184,
            244
          ],
          "0.7": [
            156,
            184,
            244
          ],
          "0.8": [
            156,
            184,
            244
          ],
          "0.9": [
            156,
            184,
            244
          ],
          "1.0": [
            0,
            0,
            0
          ]
        }
      },
      "orbital_offset_degrees": 22.5
    },
    "emissive": {
      "desaturation": 0.06
    },
    "ambient": {
      "color": [
        234,
        244,
        255
      ],
      "illuminance": 0.05
    },
    "sky": {
      "intensity": 0.32
    }
  }
}