{
    "format_version": "1.21.40",
    "minecraft:water_settings": {
        "description": {
            "identifier": "minecraft_pbr:default_water"
        },
        "particle_concentrations": {
            "chlorophyll": 0.01,
            "suspended_sediment": 0.2,
            "cdom": 0.1
        },
        "waves": {
            "enabled": true,
            "frequency": 0.763480007648468,
            "octaves": 16,
            "depth": 0.063,
            "sampleWidth": 0.16345000267028809,
            "speed": 2.38761999982968,
            "shape": 3.7090001106262207,
            "pull": 0.44999998807907104,
            "mix": 0.2329999953508377,
            "frequency_scaling": 1.1920000314712524,
            "speed_scaling": 1.0080000162124634
        }
    }
}