{
    "format_version": "1.21.40",
    "minecraft:atmosphere_settings": {
        "description": {
            "identifier": "minecraft_pbr:default_atmospherics"
        },
        "horizon_blend_stops": {
            "min": {
                "0.0": 0,
                "0.1962499916553497": 0.008,
                "0.25": 0,
                "0.34": 0.11,
                "0.6": 0.027,
                "0.6750000119209290": 0.01332983374595642,
                "0.7487499713897705": 0,
                "0.8174999952316284": 0
            },
            "start": {
                "0.0": 0.25,
                "0.1962499916553497": 0.4179066121578217,
                "0.25": 0.213,
                "0.34": 0.401,
                "0.6": 0.23,
                "0.6750000119209290": 0.2143078744411469,
                "0.7487499713897705": 0.1990064233541489,
                "0.8174999952316284": 0.6179999709129333
            },
            "mie_start": {
                "0.0": 0.5,
                "0.1962499916553497": 1.172000050544739,
                "0.25": 0.5,
                "0.34": 0.5009999871253967,
                "0.6": 0.167,
                "0.6750000119209290": 0.15,
                "0.7487499713897705": 0.55,
                "0.8174999952316284": 0.79
            },
            "max": {
                "0.0": 0.25,
                "0.1962499916553497": 0.137,
                "0.25": 0,
                "0.34": 0.467,
                "0.6": 0.2,
                "0.6750000119209290": 0.191900834441185,
                "0.7487499713897705": 0.214,
                "0.8174999952316284": 0
            }
        },
        "rayleigh_strength": 0.59,
        "sun_mie_strength": { 
            "0.0": 1.0, 
            "0.25": 3.0, 
            "0.3": 3.0, 
            "0.3037499785423279": 2.878501892089844, 
            "0.3249999880790710": 1.0, 
            "0.6": 1.0, 
            "0.7074999809265137": 1.0, 
            "0.75": 1.0 
        },
        "moon_mie_strength": { 
            "0.0": 0.0, 
            "0.25": 0.0, 
            "0.3": 0.0, 
            "0.3037499785423279": 0.114, 
            "0.3249999880790710": 1.0, 
            "0.6": 1.0, 
            "0.7074999809265137": 0.0, 
            "0.75": 0.0 
        },
        "sun_glare_shape": {
            "0.0": 15.89900016784668,
            "0.25": 15.89900016784668,
            "0.3": 15.89900016784668,
            "0.3037499785423279": 15.84438705444336,
            "0.3249999880790710": 15,
            "0.6": 4,
            "0.7074999809265137": 4,
            "0.75": 4
        },
        "sky_zenith_color": {
            "0.0": "#66A8FF",
            "0.167": "#5D9AEA",
            "0.2": "#6197DD",
            "0.210417": "#5680C9",
            "0.25": "#536595",
            "0.257083": "#35416B",
            "0.283": "#0A2A6C",
            "0.333": "#032C7F",
            "0.5": "#062B75",
            "0.7": "#0A2A6C",
            "0.742917": "#35416B",
            "0.75": "#576FA8",
            "0.789583": "#5680C9",
            "0.8": "#6197DD",
            "0.833": "#5D9AEA",
            "1.0": "#66A8FF"
        },
        "sky_horizon_color": {
            "0.0": "#B2EAFF",
            "0.167": "#A7D7E8",
            "0.2": "#8AB9E8",
            "0.210417": "#90A2A3",
            "0.25": "#A34939",
            "0.257083": "#26253F",
            "0.283": "#001634",
            "0.333": "#001839",
            "0.5": "#001634",
            "0.7": "#001530",
            "0.742917": "#26253F",
            "0.75": "#9B5244",
            "0.789583": "#90A2A3",
            "0.8": "#8AB9E8",
            "0.833": "#A7D7E8",
            "1.0": "#B2EAFF"
        }
    }
}