{
    "format_version": "1.21.40",
    "minecraft:atmosphere_settings": {
        "description": {
            "identifier": "minecraft_pbr:default_atmospherics"
        },
        "horizon_blend_stops": {
            "min": {
                "0.0": 0,
                "0.1962499916553497": 0.008,
                "0.25": 0,
                "0.34": 0.11,
                "0.6": 0.027,
                "0.6750000119209290": 0.01332983374595642,
                "0.7487499713897705": 0,
                "0.8174999952316284": 0
            },
            "start": {
                "0.0": 0.25,
                "0.1962499916553497": 0.4179066121578217,
                "0.25": 0.213,
                "0.34": 0.401,
                "0.6": 0.23,
                "0.6750000119209290": 0.2143078744411469,
                "0.7487499713897705": 0.1990064233541489,
                "0.8174999952316284": 0.6179999709129333
            },
            "mie_start": {
                "0.0": 0.5,
                "0.1962499916553497": 1.172000050544739,
                "0.25": 0.5,
                "0.34": 0.5009999871253967,
                "0.6": 0.167,
                "0.6750000119209290": 0.15,
                "0.7487499713897705": 0.55,
                "0.8174999952316284": 0.79
            },
            "max": {
                "0.0": 0.25,
                "0.1962499916553497": 0.137,
                "0.25": 0,
                "0.34": 0.467,
                "0.6": 0.2,
                "0.6750000119209290": 0.191900834441185,
                "0.7487499713897705": 0.214,
                "0.8174999952316284": 0
            }
        },
        "rayleigh_strength": 0.47,
        "sun_mie_strength": {
            "0.0": 1,
            "0.25": 3,
            "0.3": 3,
            "0.3037499785423279": 2.878501892089844,
            "0.3249999880790710": 1,
            "0.6": 1,
            "0.7074999809265137": 1,
            "0.75": 1
        },
        "moon_mie_strength": {
            "0.0": 0,
            "0.25": 0,
            "0.3": 0,
            "0.3037499785423279": 0.114,
            "0.3249999880790710": 1,
            "0.6": 1,
            "0.7074999809265137": 0,
            "0.75": 0
        },
        "sun_glare_shape": {
            "0.0": 15.89900016784668,
            "0.25": 15.89900016784668,
            "0.3": 15.89900016784668,
            "0.3037499785423279": 15.84438705444336,
            "0.3249999880790710": 15,
            "0.6": 4,
            "0.7074999809265137": 4,
            "0.75": 4
        },
        "sky_zenith_color": {
            "0.0": "#51B0FF",
            "0.167": "#49A0FF",
            "0.2": "#509DFF",
            "0.210417": "#5690EE",
            "0.25": "#49609F",
            "0.257083": "#293663",
            "0.283": "#040F26",
            "0.333": "#03122E",
            "0.5": "#041029",
            "0.7": "#040F26",
            "0.742917": "#293663",
            "0.75": "#4B6AB4",
            "0.789583": "#5690EE",
            "0.8": "#509DFF",
            "0.833": "#49A0FF",
            "1.0": "#51B0FF"
        },
        "sky_horizon_color": {
            "0.0": "#B4E6FF",
            "0.167": "#ACDEFF",
            "0.2": "#8ACEFF",
            "0.210417": "#90999A",
            "0.25": "#B33E29",
            "0.257083": "#1A233F",
            "0.283": "#00063C",
            "0.333": "#000632",
            "0.5": "#000632",
            "0.7": "#00063C",
            "0.742917": "#1A233F",
            "0.75": "#A84937",
            "0.789583": "#90999A",
            "0.8": "#8ACEFF",
            "0.833": "#ACDEFF",
            "1.0": "#B4E6FF"
        }
    }
}