{
    "horizon_blend_stops": {
        "min": {
            "0.0": 0.0,
            "0.1962499916553497": 0.008,
            "0.25": 0.0,
            "0.34": 0.11,
            "0.6": 0.027,
            "0.6750000119209290": 0.01332983374595642,
            "0.7487499713897705": 0.0,
            "0.8174999952316284": 0.0
        },
        "start": {
            "0.0": 0.25,
            "0.1962499916553497": 0.4179066121578217,
            "0.25": 0.213,
            "0.34": 0.401,
            "0.6": 0.23,
            "0.6750000119209290": 0.2143078744411469,
            "0.7487499713897705": 0.1990064233541489,
            "0.8174999952316284": 0.6179999709129333
        },
        "mie_start": {
            "0.0": 0.5,
            "0.1962499916553497": 1.172000050544739,
            "0.25": 0.5,
            "0.34": 0.5009999871253967,
            "0.6": 0.167,
            "0.6750000119209290": 0.15,
            "0.7487499713897705": 0.55,
            "0.8174999952316284": 0.79
        },
        "max": {
            "0.0": 0.25,
            "0.1962499916553497": 0.137,
            "0.25": 0.0,
            "0.34": 0.467,
            "0.6": 0.2,
            "0.6750000119209290": 0.191900834441185,
            "0.7487499713897705": 0.214,
            "0.8174999952316284": 0.0
        }
    },
    "rayleigh_strength": {
        "0.0": 5.26124954,
        "0.25": 2.624998152,
        "0.3": 2.624998152,
        "0.3037499785423279": 2.624998152,
        "0.3249999880790710": 2.624998152,
        "0.6": 5.0,
        "0.7074999809265137": 2.982535422,
        "0.75": 2.25
    },
    "sun_mie_strength": {
        "0.0": 10.0,
        "0.25": 30.0,
        "0.3": 30.0,
        "0.3037499785423279": 28.78501892089844,
        "0.3249999880790710": 10.0,
        "0.6": 10.0,
        "0.7074999809265137": 10.0,
        "0.75": 10.0
    },
    "moon_mie_strength": {
        "0.0": 0.0,
        "0.25": 0.0,
        "0.3": 0.0,
        "0.3037499785423279": 1.14,
        "0.3249999880790710": 10.0,
        "0.6": 10.0,
        "0.7074999809265137": 0.0,
        "0.75": 0.0
    },
    "sun_glare_shape": {
        "0.0": 15.89900016784668,
        "0.25": 15.89900016784668,
        "0.3": 15.89900016784668,
        "0.3037499785423279": 15.84438705444336,
        "0.3249999880790710": 15.0,
        "0.6": 4.0,
        "0.7074999809265137": 4.0,
        "0.75": 4.0
    },
    "sky_zenith_color": {
        "0.0": "#93BBFF",
        "0.167": "#73A4EF",
        "0.2": "#5D8CDD",
        "0.21041673": "#5680C9",
        "0.25": "#586DA3",
        "0.257083322": "#3E486D",
        "0.283": "#060C19",
        "0.333": "#060C19",
        "0.5": "#060914",
        "0.7": "#060914",
        "0.742916678": "#273856",
        "0.75": "#3E446C",
        "0.78958327": "#576FA8",
        "0.8": "#608DDB",
        "0.833": "#73A4EF",
        "1.0": "#93BBFF"
    },
    "sky_horizon_color": {
        "0.0": "#B7DAFF",
        "0.167": "#9ECEFF",
        "0.2": "#74A0ED",
        "0.21041673": "#96A9AA",
        "0.25": "#A34939",
        "0.257083322": "#353451",
        "0.283": "#141B26",
        "0.333": "#0A0D14",
        "0.5": "#060711",
        "0.7": "#060711",
        "0.742916678": "#222B3F",
        "0.75": "#5C5B7F",
        "0.78958327": "#9B5244",
        "0.8": "#94B2D3",
        "0.833": "#9ECEFF",
        "1.0": "#B7DAFF"
    }
}