{  
  "horizon_blend_stops":{
    "min": { 
      "0.0": 0.0, 
      "0.1962499916553497": 0.008, 
      "0.25": 0.0, 
      "0.34": 0.11, 
      "0.6": 0.027, 
      "0.6750000119209290": 0.01332983374595642, 
      "0.7487499713897705": 0.0, 
      "0.8174999952316284": 0.0 
    }, 
    "start": { 
      "0.0": 0.25, 
      "0.1962499916553497": 0.4179066121578217, 
      "0.25": 0.213, 
      "0.34": 0.401, 
      "0.6": 0.23, 
      "0.6750000119209290": 0.2143078744411469, 
      "0.7487499713897705": 0.1990064233541489, 
      "0.8174999952316284": 0.6179999709129333 
    }, 
    "mie_start": {
      "0.0": 0.5,
      "0.1962499916553497": 1.172000050544739,
      "0.25": 0.5,
      "0.34": 0.5009999871253967,
      "0.6": 0.167,
      "0.6750000119209290": 0.15,
      "0.7487499713897705": 0.55,
      "0.8174999952316284": 0.79
    }, 
    "max": { 
      "0.0": 0.25, 
      "0.1962499916553497": 0.137, 
      "0.25": 0.0, 
      "0.34": 0.467, 
      "0.6": 0.2,
      "0.6750000119209290": 0.1919008344411850, 
      "0.7487499713897705": 0.214, 
      "0.8174999952316284": 0.0 
    } 
  }, 
  "rayleigh_strength": { 
    "0.0": 5.26124954, 
    "0.25": 2.624998152, 
    "0.3": 2.624998152, 
    "0.3037499785423279": 2.624998152, 
    "0.3249999880790710": 2.624998152, 
    "0.6": 5.0, 
    "0.7074999809265137": 2.982535422, 
    "0.75": 2.25
  }, 
  "sun_mie_strength": { 
    "0.0": 10.0, 
    "0.25": 30.0, 
    "0.3": 30.0, 
    "0.3037499785423279": 28.78501892089844, 
    "0.3249999880790710": 10.0, 
    "0.6": 10.0, 
    "0.7074999809265137": 10.0, 
    "0.75": 10.0 
  }, 
  "moon_mie_strength": { 
    "0.0": 0.0, 
    "0.25": 0.0, 
    "0.3": 0.0, 
    "0.3037499785423279": 1.14, 
    "0.3249999880790710": 10.0, 
    "0.6": 10.0, 
    "0.7074999809265137": 0.0, 
    "0.75": 0.0 
  }, 
  "sun_glare_shape": { 
    "0.0": 15.89900016784668, 
    "0.25": 15.89900016784668, 
    "0.3": 15.89900016784668, 
    "0.3037499785423279": 15.84438705444336, 
    "0.3249999880790710": 15.0, 
    "0.6": 4.0, 
    "0.7074999809265137": 4.0, 
    "0.75": 4.0 
  }, 
  "sky_zenith_color": { 
    "0.0": "#A3C4FF",
    "0.167": "#84AFF4", 
    "0.2": "#6B94E0",           
    "0.21041673": "#6287CB",  
    "0.25": "#6476A5",          
    "0.257083322": "#464F70",  
    "0.283": "#090D15", 
    "0.333": "#090D15",
    "0.5": "#06080E",      
    "0.7": "#06080E", 
    "0.742916678": "#334361",  
    "0.75": "#4A4F73",         
    "0.78958327": "#6276A7",   
    "0.8": "#6C92D8", 
    "0.833": "#84AFF4", 
    "1.0": "#A3C4FF"      
  },
  "sky_horizon_color": { 
    "0.0": "#C6E1FF",
    "0.167": "#ADD6FF",
    "0.2": "#86ABEF",
    "0.21041673": "#9FACAD",
    "0.25": "#A45040",
    "0.257083322": "#3E3D54",
    "0.283": "#181E28",
    "0.333": "#0D1016",
    "0.5": "#07080F",
    "0.7": "#07080F",
    "0.742916678": "#252C3D",
    "0.75": "#676682",
    "0.78958327": "#9D675A",
    "0.8": "#A2BBD6",
    "0.833": "#ADD6FF",
    "1.0": "#C6E1FF"
  } 
}