{
    "format_version": "1.21.40",
    "minecraft:lighting_settings": {
        "description": {
            "identifier": "minecraft_pbr:default_lighting"
        },
        "directional_lights": {
            "sun": {
                "illuminance": {
                    "0.0": 20084,
                    "1.2": 16937,
                    "0.242916678": 120,
                    "0.25": 50,
                    "0.28958327": 2,
                    "0.3": 2,
                    "0.333": 0,
                    "0.5": 0,
                    "0.667": 0,
                    "0.7": 2,
                    "0.71041673": 2,
                    "0.75": 50,
                    "0.757083322": 120,
                    "0.88": 16937,
                    "1.0": 20084
                },
                "color": {
                    "0.0": [255, 243, 190, 180],
                    "0.1": [255, 214, 170, 160],
                    "0.2": [255, 204, 159, 140],
                    "0.3": [240, 178, 146, 120],
                    "0.4": [181, 108, 117, 100],
                    "0.5": [4, 6, 9, 74],
                    "0.6": [181, 108, 117, 100],
                    "0.7": [240, 178, 146, 120],
                    "0.8": [255, 204, 159, 140],
                    "0.9": [255, 221, 180, 160],
                    "1.0": [255, 243, 190, 180]
                }
            },
            "moon": {
                "illuminance": {
                    "0.0": 1.1798400163650513,
                    "0.167": 1.1471999645233154,
                    "0.2": 1.0833600282669067,
                    "0.210417": 0.9096000194549561,
                    "0.25": 0.7920000314712524,
                    "0.257083": 0.7874399900436401,
                    "0.742917": 0.7874399900436401,
                    "0.75": 0.7920000314712524,
                    "0.789583": 0.9096000194549561,
                    "0.8": 1.0833600282669067,
                    "0.833": 1.1471999645233154,
                    "1.0": 1.1798400163650513                    
                },
                "color": {
                    "0.0": [0, 0, 0, 0],
                    "0.1": [0, 0, 0, 0],
                    "0.2": [222, 240, 255, 25],
                    "0.3": [222, 240, 255, 189],
                    "0.4": [222, 240, 255, 214],
                    "0.5": [222, 240, 255, 255],
                    "0.6": [222, 240, 255, 214],
                    "0.7": [222, 240, 255, 189],
                    "0.8": [222, 240, 255, 25],
                    "0.9": [0, 0, 0, 0],
                    "1.0": [0, 0, 0, 2]
                }
            },
            "orbital_offset_degrees": 15.31415926535
        },
        "emissive": {
            "desaturation": 0.06
        },
        "ambient": {
            "illuminance": 0.3139,
            "color": "#DCDCE5"
        }
    }
}