{
    "format_version": "1.21.40",
    "minecraft:lighting_settings": {
        "description": {
            "identifier": "minecraft_pbr:default_lighting"
        },
        "directional_lights": {
            "sun": {
                "illuminance": {
                    "0.0": 20084,
                    "1.2": 16937,
                    "0.242916678": 125,
                    "0.25": 125,
                    "0.28958327": 125,
                    "0.3": 125,
                    "0.333": 125,
                    "0.5": 125,
                    "0.667": 125,
                    "0.7": 125,
                    "0.71041673": 125,
                    "0.75": 125,
                    "0.757083322": 125,
                    "0.88": 16937,
                    "1.0": 20084
                },
                "color": {
                    "0.0": [255, 243, 190, 180],
                    "0.1": [255, 214, 170, 160],
                    "0.2": [255, 204, 159, 140],
                    "0.3": [240, 178, 146, 120],
                    "0.4": [181, 108, 117, 100],
                    "0.5": [4, 6, 9, 74],
                    "0.6": [181, 108, 117, 100],
                    "0.7": [240, 178, 146, 120],
                    "0.8": [255, 204, 159, 140],
                    "0.9": [255, 221, 180, 160],
                    "1.0": [255, 243, 190, 180]
                }
            },
            "moon": {
                "illuminance": {
                    "0.0": 0.603,
                    "0.167": 0.585,
                    "0.2": 0.5535,
                    "0.210417": 0.4644,
                    "0.25": 0.4041,
                    "0.257083": 0.4023,
                    "0.742917": 0.4023,
                    "0.75": 0.4041,
                    "0.789583": 0.4644,
                    "0.8": 0.5535,
                    "0.833": 0.585,
                    "1.0": 0.603  
                },
                "color": {
                    "0.0": [0, 0, 0, 0],
                    "0.1": [0, 0, 0, 0],
                    "0.2": [222, 240, 255, 25],
                    "0.3": [222, 240, 255, 189],
                    "0.4": [222, 240, 255, 214],
                    "0.5": [222, 240, 255, 255],
                    "0.6": [222, 240, 255, 214],
                    "0.7": [222, 240, 255, 189],
                    "0.8": [222, 240, 255, 25],
                    "0.9": [0, 0, 0, 0],
                    "1.0": [0, 0, 0, 2]
                }
            },
            "orbital_offset_degrees": 20.718
        },
        "emissive": {
            "desaturation": 0.05
        },
        "ambient": {
            "illuminance": 0.18,
            "color": "#DCDCE5"
        }
    }
}