{
  "minecraft:lighting_settings": {
    "format_version": "1.21.40",
    "description": {
      "identifier": "minecraftpbr:default_lighting"
    },
    "directional_lights": {
      "sun": {
        "illuminance": {
          "0.0": 20084,
          "1.2": 14740.0,
          "0.242916678": 2.0,
          "0.25": 2.5,
          "0.28958327": 2.0,
          "0.3": 2.0,
          "0.333": 0.0,
          "0.5": 0.0,
          "0.667": 0.0,
          "0.7": 2.0,
          "0.71041673": 2.0,
          "0.75": 2.0,
          "0.757083322": 2.0,
          "0.88": 14700.0,
          "1.0": 20084
        },
        "color": {
          "0.0": [
            255,
            250,
            199,
            255
          ],
          "0.1": [
            255,
            228,
            165,
            225
          ],
          "0.2": [
            255,
            211,
            143,
            180
          ],
          "0.3": [
            240,
            185,
            130,
            150
          ],
          "0.4": [
            181,
            115,
            106,
            120
          ],
          "0.5": [
            4,
            6,
            9,
            74
          ],
          "0.6": [
            181,
            115,
            106,
            120
          ],
          "0.7": [
            240,
            185,
            130,
            150
          ],
          "0.8": [
            255,
            211,
            143,
            180
          ],
          "0.9": [
            255,
            228,
            165,
            225
          ],
          "1.0": [
            255,
            250,
            199,
            255
          ]
        }
      },
      "moon": {
        "illuminance": {
          "0.750000": 0.6600000262260437,
          "0.000000": 0.9832000136375427,
          "0.167000": 0.9559999704360962,
          "0.742917": 0.6561999917030335,
          "0.200000": 0.9028000235557556,
          "0.250000": 0.6600000262260437,
          "0.210417": 0.7580000162124634,
          "0.257083": 0.6561999917030335,
          "0.789583": 0.7580000162124634,
          "0.800000": 0.9028000235557556,
          "0.833000": 0.9559999704360962,
          "1.000000": 0.9832000136375427
        },        
        "color": {
          "0.000000": [
            0,
            0,
            0,
            0
          ],
          "0.100000": [
            0,
            0,
            0,
            0
          ],
          "0.200000": [
            222,
            240,
            255,
            25.5
          ],
          "0.300000": [
            222,
            240,
            255,
            188.7
          ],
          "0.400000": [
            222,
            240,
            255,
            214.2
          ],
          "0.500000": [
            221.60436734693877,
            240.05338475635156,
            255,
            255
          ],
          "0.600000": [
            222,
            240,
            255,
            214.2
          ],
          "0.700000": [
            222,
            240,
            255,
            188.7
          ],
          "0.800000": [
            222,
            240,
            255,
            25.5
          ],
          "0.900000": [
            0,
            0,
            0,
            0
          ],
          "1.000000": [
            0,
            0,
            0,
            1.5612244897959182
          ]
        }
      },
      "orbital_offset_degrees": 31.415926535
    },
    "emissive": {
      "desaturation": 0.06
    }
  }
}