{
  "format_version": "1.21.40",
  "minecraft:water_settings": {
    "description": {
      "identifier": "minecraft_pbr:cold_taiga_water"
    },
    "particle_concentrations": {
      "chlorophyll": 0.02,
      "suspended_sediment": 0.6,
      "cdom": 0
    },
    "waves": {
      "enabled": true,
      "frequency": 0.8431415926535,
      "octaves": 16,
      "depth": 0.07400000101327896,
      "sampleWidth": 0.16345000267028809,
      "speed": 2.387619972229004,
      "shape": 3.7090001106262207,
      "pull": 0.44999998807907104,
      "mix": 0.2329999953508377,
      "frequency_scaling": 1.1920000314712524,
      "speed_scaling": 1.0080000162124634
    },
    "caustics": {
      "enabled": true,
      "frame_length": 0.05,
      "texture": "renderer/caustics.png",
      "scale": 0.33,
      "power": 1
    }
  }
}