{
  "format_version": "1.21.40",
  "minecraft:atmosphere_settings": {
    "description": {
      "identifier": "minecraft_pbr:frozen_ocean_atmospherics"
    },
    "horizon_blend_stops": {
      "min": {
        "0.0": 0,
        "0.1962499916553497": 0.008,
        "0.25": 0,
        "0.34": 0.11,
        "0.6": 0.027,
        "0.6750000119209290": 0.01332983374595642,
        "0.7487499713897705": 0,
        "0.8174999952316284": 0
      },
      "start": {
        "0.0": 0.25,
        "0.1962499916553497": 0.4179066121578217,
        "0.25": 0.213,
        "0.34": 0.401,
        "0.6": 0.23,
        "0.6750000119209290": 0.2143078744411469,
        "0.7487499713897705": 0.1990064233541489,
        "0.8174999952316284": 0.6179999709129333
      },
      "mie_start": {
        "0.0": 0.5,
        "0.1962499916553497": 1.172000050544739,
        "0.25": 0.5,
        "0.34": 0.5009999871253967,
        "0.6": 0.167,
        "0.6750000119209290": 0.15,
        "0.7487499713897705": 0.55,
        "0.8174999952316284": 0.79
      },
      "max": {
        "0.0": 0.25,
        "0.1962499916553497": 0.137,
        "0.25": 0,
        "0.34": 0.467,
        "0.6": 0.2,
        "0.6750000119209290": 0.191900834441185,
        "0.7487499713897705": 0.214,
        "0.8174999952316284": 0
      }
    },
    "rayleigh_strength": {
      "0.0": 1.0,
      "0.2": 1.0,
      "0.2429": 1.0,
      "0.25": 1.0,
      "0.2895": 1.1,
      "0.3": 1.3,
      "0.333": 1.7,
      "0.5": 2.0,
      "0.667": 1.9,
      "0.7": 1.7,
      "0.7104": 1.3,
      "0.75": 1.1,
      "0.7570": 1.0,
      "0.88": 1.0,
      "0.99": 1.0
    },
    "sun_mie_strength": {
      "0.0": 1,
      "0.25": 3,
      "0.3": 3,
      "0.3037499785423279": 2.878501892089844,
      "0.3249999880790710": 1,
      "0.6": 1,
      "0.7074999809265137": 1,
      "0.75": 1
    },
    "moon_mie_strength": {
      "0.0": 0,
      "0.25": 0,
      "0.3": 0,
      "0.3037499785423279": 0.114,
      "0.3249999880790710": 1,
      "0.6": 1,
      "0.7074999809265137": 0,
      "0.75": 0
    },
    "sun_glare_shape": {
      "0.0": 15.89900016784668,
      "0.25": 15.89900016784668,
      "0.3": 15.89900016784668,
      "0.3037499785423279": 15.84438705444336,
      "0.3249999880790710": 15,
      "0.6": 4,
      "0.7074999809265137": 4,
      "0.75": 4
    },
    "sky_zenith_color": {
      "0.0": "#87ACF9",
      "0.167": "#7DADF8",
      "0.2": "#82ACF8",
      "0.210417": "#82A0E8",
      "0.25": "#5e6f9f",
      "0.257083": "#374163",
      "0.283": "#16284C",
      "0.333": "#1A315E",
      "0.5": "#1A315E",
      "0.7": "#16284C",
      "0.742917": "#374163",
      "0.75": "#657cb4",
      "0.789583": "#82A0E8",
      "0.8": "#82ACF8",
      "0.833": "#7DADF8",
      "1.0": "#87ACF9"
    },
    "sky_horizon_color": {
      "0.0": "#B4E6FF",
      "0.167": "#ACDEFF",
      "0.2": "#8ACEFF",
      "0.210417": "#90999A",
      "0.25": "#B33E29",
      "0.257083": "#1A233F",
      "0.283": "#0E123A",
      "0.333": "#0B102D",
      "0.5": "#0B102D",
      "0.7": "#0E123A",
      "0.742917": "#1A233F",
      "0.75": "#A84937",
      "0.789583": "#90999A",
      "0.8": "#8ACEFF",
      "0.833": "#ACDEFF",
      "1.0": "#B4E6FF"
    }
  }
}